filename,AudioNum,Phase,mean_frequency_hz,annoyance_mean,n_presentations
SignalNum3_A350-941_Flyover.mat,3,Flyover,706.6299249628739,3.5545454545454547,2
SignalNum3_A350-941_Recede.mat,3,Recede,487.7059660085376,3.0272727272727273,2
SignalNum4_B777-3ER_Approach.mat,4,Approach,280.53624666951106,1.3272727272727274,1
SignalNum4_B777-3ER_Flyover.mat,4,Flyover,323.61083962931014,1.709090909090909,1
SignalNum4_B777-3ER_Recede.mat,4,Recede,335.3828703818664,2.4363636363636365,1
SignalNum20_A321-251NX_Approach.mat,20,Approach,439.20193219631307,2.018181818181818,1
SignalNum20_A321-251NX_Flyover.mat,20,Flyover,472.3901099612237,2.4818181818181815,2
SignalNum20_A321-251NX_Recede.mat,20,Recede,402.791641039504,1.8909090909090909,1
SignalNum23_B777-F_Flyover.mat,23,Flyover,386.3660554021876,2.7454545454545456,1
SignalNum34_A320-232_Approach.mat,34,Approach,568.4121783468493,2.327272727272727,1
SignalNum34_A320-232_Flyover.mat,34,Flyover,559.2621715267661,2.6545454545454548,2
SignalNum34_A320-232_Recede.mat,34,Recede,489.7891844009493,2.963636363636364,1
SignalNum45_A321-231_Flyover.mat,45,Flyover,427.9980736171956,1.9454545454545455,1
SignalNum46_A321-251NX_Approach.mat,46,Approach,353.9771021248895,1.7636363636363637,1
SignalNum62_A321-251NX_Flyover.mat,62,Flyover,416.1834257562252,2.8545454545454545,1
SignalNum62_A321-251NX_Recede.mat,62,Recede,409.660831745888,2.890909090909091,1
SignalNum65_A320-214_Flyover.mat,65,Flyover,337.1598765852844,1.7454545454545454,1
SignalNum68_A320-214_Flyover.mat,68,Flyover,371.8951933880219,2.8181818181818183,1
SignalNum70_B737-800_Approach.mat,70,Approach,250.55735274132715,1.5272727272727273,1
SignalNum70_B737-800_Flyover.mat,70,Flyover,294.02649411081285,2.4727272727272727,1
SignalNum70_B737-800_Recede.mat,70,Recede,343.6521252591993,2.0545454545454547,1
SignalNum73_A350-941_Approach.mat,73,Approach,384.6903545484063,3.1636363636363636,1
SignalNum73_A350-941_Flyover.mat,73,Flyover,442.6655942207898,2.9454545454545453,1
SignalNum73_A350-941_Recede.mat,73,Recede,329.0034938886431,3.018181818181818,1
SignalNum77_B777-3ER_Approach.mat,77,Approach,284.066289383215,1.8181818181818181,1
SignalNum77_B777-3ER_Flyover.mat,77,Flyover,363.7732730574693,2.8,1
SignalNum77_B777-3ER_Recede.mat,77,Recede,315.1237211732692,2.0545454545454547,1
SignalNum97_B777-3ER_Approach.mat,97,Approach,349.0137484756456,3.0727272727272728,1
SignalNum97_B777-3ER_Flyover.mat,97,Flyover,297.8520006306277,1.7272727272727273,1
SignalNum97_B777-3ER_Recede.mat,97,Recede,367.6312281429902,2.0,1
SignalNum105_B777-300_Flyover.mat,105,Flyover,262.443697024654,1.709090909090909,1
SignalNum106_B777-F_Flyover.mat,106,Flyover,341.4054229698472,2.6363636363636362,1
SignalNum107_A350-941_Approach.mat,107,Approach,333.83968108535754,1.8363636363636364,1
SignalNum107_A350-941_Flyover.mat,107,Flyover,335.509861548148,1.7818181818181817,1
SignalNum107_A350-941_Recede.mat,107,Recede,287.4785850756611,1.5272727272727273,1
SignalNum109_A320-232_Approach.mat,109,Approach,479.9717129758733,2.1272727272727274,1
SignalNum109_A320-232_Flyover.mat,109,Flyover,479.138478954876,2.4909090909090907,1
SignalNum109_A320-232_Recede.mat,109,Recede,443.91373316429525,2.727272727272727,1
SignalNum115_A330-343_Approach.mat,115,Approach,399.1775315290488,2.5272727272727273,1
SignalNum115_A330-343_Flyover.mat,115,Flyover,439.9666238529895,3.4363636363636365,1
SignalNum115_A330-343_Recede.mat,115,Recede,378.4071027999783,2.6,1
SignalNum119_A321-231_Flyover.mat,119,Flyover,380.84831959084966,2.327272727272727,1
SignalNum124_A350-941_Approach.mat,124,Approach,259.32605689260663,1.6818181818181819,2
SignalNum124_A350-941_Flyover.mat,124,Flyover,318.2513459177202,1.8272727272727272,2
SignalNum124_A350-941_Recede.mat,124,Recede,282.4853330651284,1.8363636363636364,2
SignalNum129_B777-300_Flyover.mat,129,Flyover,244.9417258750396,1.690909090909091,1
SignalNum132_B777-F_Flyover.mat,132,Flyover,298.4766136001612,1.5636363636363637,1
SignalNum135_B737-800_Approach.mat,135,Approach,257.1651125346378,1.690909090909091,1
SignalNum135_B737-800_Flyover.mat,135,Flyover,301.0723684450648,2.036363636363636,1
SignalNum135_B737-800_Recede.mat,135,Recede,338.6173471836615,1.6,1
SignalNum136_B777-3ER_Approach.mat,136,Approach,275.75827369703813,1.8363636363636364,1
SignalNum136_B777-3ER_Flyover.mat,136,Flyover,288.6879742490681,2.4363636363636365,1
SignalNum136_B777-3ER_Recede.mat,136,Recede,280.4709356489339,1.7272727272727273,1
SignalNum137_A320-214_Flyover.mat,137,Flyover,421.4229271074311,2.6,1
SignalNum144_B777-300_Flyover.mat,144,Flyover,254.730355699818,2.581818181818182,1
SignalNum151_A330-343_Approach.mat,151,Approach,359.4622266372701,1.690909090909091,1
SignalNum151_A330-343_Flyover.mat,151,Flyover,392.2298822054806,2.4363636363636365,1
SignalNum151_A330-343_Recede.mat,151,Recede,286.83995630756374,1.7636363636363637,1
SignalNum156_B737-800_Approach.mat,156,Approach,257.92725880897365,1.1272727272727272,1
SignalNum156_B737-800_Flyover.mat,156,Flyover,249.0537145193382,1.1727272727272728,2
SignalNum156_B737-800_Recede.mat,156,Recede,254.6435838967419,1.1272727272727272,1
SignalNum162_B737-800_Approach.mat,162,Approach,265.8533769084022,1.5636363636363637,1
SignalNum162_B737-800_Flyover.mat,162,Flyover,343.97570985684894,2.3636363636363638,1
SignalNum162_B737-800_Recede.mat,162,Recede,339.8396321634136,2.1818181818181817,1
SignalNum167_A320-214_Flyover.mat,167,Flyover,403.2153698582926,2.418181818181818,1
SignalNum169_B777-300_Flyover.mat,169,Flyover,299.62306169815,1.9090909090909092,1
SignalNum172_A321-231_Flyover.mat,172,Flyover,427.78456648218406,2.327272727272727,1
SignalNum182_B777-F_Flyover.mat,182,Flyover,306.0057393598726,2.309090909090909,1
SignalNum184_A330-343_Approach.mat,184,Approach,370.64762095438624,2.5545454545454547,2
SignalNum184_A330-343_Flyover.mat,184,Flyover,407.12358703842375,3.4,2
SignalNum184_A330-343_Recede.mat,184,Recede,377.49912681666507,2.718181818181818,2
SignalNum188_A320-232_Approach.mat,188,Approach,580.5796395630972,2.4727272727272727,1
SignalNum188_A320-232_Flyover.mat,188,Flyover,518.9862935365362,2.1636363636363636,1
SignalNum188_A320-232_Recede.mat,188,Recede,401.38239361230126,2.109090909090909,1
SignalNum191_A320-232_Approach.mat,191,Approach,355.16087994192065,2.109090909090909,1
SignalNum191_A320-232_Flyover.mat,191,Flyover,367.3996002585224,2.1636363636363636,1
SignalNum191_A320-232_Recede.mat,191,Recede,253.98639315766317,1.7818181818181817,1
