filename,filepath,mean_frequency_hz,method,fmin_hz,fmax_hz,values_are_db,freq_key,spectrogram_key,n_frequency_bins,n_time_bins,status,error
SignalNum105_B777-300_Flyover.mat,data\raw\SignalNum105_B777-300_Flyover.mat,262.443697024654,weighted,,,True,freq,psdx_dB,5513,48,ok,
SignalNum106_B777-F_Flyover.mat,data\raw\SignalNum106_B777-F_Flyover.mat,341.40542296984717,weighted,,,True,freq,psdx_dB,5513,48,ok,
SignalNum107_A350-941_Approach.mat,data\raw\SignalNum107_A350-941_Approach.mat,333.83968108535754,weighted,,,True,freq,psdx_dB,5513,48,ok,
SignalNum107_A350-941_Flyover.mat,data\raw\SignalNum107_A350-941_Flyover.mat,335.509861548148,weighted,,,True,freq,psdx_dB,5513,48,ok,
SignalNum107_A350-941_Recede.mat,data\raw\SignalNum107_A350-941_Recede.mat,287.4785850756611,weighted,,,True,freq,psdx_dB,5513,48,ok,
SignalNum109_A320-232_Approach.mat,data\raw\SignalNum109_A320-232_Approach.mat,479.9717129758733,weighted,,,True,freq,psdx_dB,5513,48,ok,
SignalNum109_A320-232_Flyover.mat,data\raw\SignalNum109_A320-232_Flyover.mat,479.13847895487595,weighted,,,True,freq,psdx_dB,5513,48,ok,
SignalNum109_A320-232_Recede.mat,data\raw\SignalNum109_A320-232_Recede.mat,443.91373316429525,weighted,,,True,freq,psdx_dB,5513,48,ok,
SignalNum115_A330-343_Approach.mat,data\raw\SignalNum115_A330-343_Approach.mat,399.1775315290488,weighted,,,True,freq,psdx_dB,5513,48,ok,
SignalNum115_A330-343_Flyover.mat,data\raw\SignalNum115_A330-343_Flyover.mat,439.9666238529895,weighted,,,True,freq,psdx_dB,5513,48,ok,
SignalNum115_A330-343_Recede.mat,data\raw\SignalNum115_A330-343_Recede.mat,378.40710279997825,weighted,,,True,freq,psdx_dB,5513,48,ok,
SignalNum119_A321-231_Flyover.mat,data\raw\SignalNum119_A321-231_Flyover.mat,380.84831959084966,weighted,,,True,freq,psdx_dB,5513,48,ok,
SignalNum124_A350-941_Approach.mat,data\raw\SignalNum124_A350-941_Approach.mat,259.32605689260663,weighted,,,True,freq,psdx_dB,5513,48,ok,
SignalNum124_A350-941_Flyover.mat,data\raw\SignalNum124_A350-941_Flyover.mat,318.2513459177202,weighted,,,True,freq,psdx_dB,5513,48,ok,
SignalNum124_A350-941_Recede.mat,data\raw\SignalNum124_A350-941_Recede.mat,282.4853330651284,weighted,,,True,freq,psdx_dB,5513,48,ok,
SignalNum129_B777-300_Flyover.mat,data\raw\SignalNum129_B777-300_Flyover.mat,244.94172587503957,weighted,,,True,freq,psdx_dB,5513,48,ok,
SignalNum132_B777-F_Flyover.mat,data\raw\SignalNum132_B777-F_Flyover.mat,298.4766136001612,weighted,,,True,freq,psdx_dB,5513,48,ok,
SignalNum135_B737-800_Approach.mat,data\raw\SignalNum135_B737-800_Approach.mat,257.1651125346378,weighted,,,True,freq,psdx_dB,5513,48,ok,
SignalNum135_B737-800_Flyover.mat,data\raw\SignalNum135_B737-800_Flyover.mat,301.0723684450648,weighted,,,True,freq,psdx_dB,5513,48,ok,
SignalNum135_B737-800_Recede.mat,data\raw\SignalNum135_B737-800_Recede.mat,338.6173471836615,weighted,,,True,freq,psdx_dB,5513,48,ok,
SignalNum136_B777-3ER_Approach.mat,data\raw\SignalNum136_B777-3ER_Approach.mat,275.75827369703813,weighted,,,True,freq,psdx_dB,5513,48,ok,
SignalNum136_B777-3ER_Flyover.mat,data\raw\SignalNum136_B777-3ER_Flyover.mat,288.6879742490681,weighted,,,True,freq,psdx_dB,5513,48,ok,
SignalNum136_B777-3ER_Recede.mat,data\raw\SignalNum136_B777-3ER_Recede.mat,280.4709356489339,weighted,,,True,freq,psdx_dB,5513,48,ok,
SignalNum137_A320-214_Flyover.mat,data\raw\SignalNum137_A320-214_Flyover.mat,421.42292710743106,weighted,,,True,freq,psdx_dB,5513,48,ok,
SignalNum144_B777-300_Flyover.mat,data\raw\SignalNum144_B777-300_Flyover.mat,254.730355699818,weighted,,,True,freq,psdx_dB,5513,48,ok,
SignalNum151_A330-343_Approach.mat,data\raw\SignalNum151_A330-343_Approach.mat,359.4622266372701,weighted,,,True,freq,psdx_dB,5513,48,ok,
SignalNum151_A330-343_Flyover.mat,data\raw\SignalNum151_A330-343_Flyover.mat,392.2298822054806,weighted,,,True,freq,psdx_dB,5513,48,ok,
SignalNum151_A330-343_Recede.mat,data\raw\SignalNum151_A330-343_Recede.mat,286.83995630756374,weighted,,,True,freq,psdx_dB,5513,48,ok,
SignalNum156_B737-800_Approach.mat,data\raw\SignalNum156_B737-800_Approach.mat,257.92725880897365,weighted,,,True,freq,psdx_dB,5513,48,ok,
SignalNum156_B737-800_Flyover.mat,data\raw\SignalNum156_B737-800_Flyover.mat,249.0537145193382,weighted,,,True,freq,psdx_dB,5513,48,ok,
SignalNum156_B737-800_Recede.mat,data\raw\SignalNum156_B737-800_Recede.mat,254.6435838967419,weighted,,,True,freq,psdx_dB,5513,48,ok,
SignalNum162_B737-800_Approach.mat,data\raw\SignalNum162_B737-800_Approach.mat,265.8533769084022,weighted,,,True,freq,psdx_dB,5513,48,ok,
SignalNum162_B737-800_Flyover.mat,data\raw\SignalNum162_B737-800_Flyover.mat,343.97570985684894,weighted,,,True,freq,psdx_dB,5513,48,ok,
SignalNum162_B737-800_Recede.mat,data\raw\SignalNum162_B737-800_Recede.mat,339.83963216341357,weighted,,,True,freq,psdx_dB,5513,48,ok,
SignalNum167_A320-214_Flyover.mat,data\raw\SignalNum167_A320-214_Flyover.mat,403.2153698582926,weighted,,,True,freq,psdx_dB,5513,48,ok,
SignalNum169_B777-300_Flyover.mat,data\raw\SignalNum169_B777-300_Flyover.mat,299.62306169815,weighted,,,True,freq,psdx_dB,5513,48,ok,
SignalNum172_A321-231_Flyover.mat,data\raw\SignalNum172_A321-231_Flyover.mat,427.78456648218406,weighted,,,True,freq,psdx_dB,5513,48,ok,
SignalNum182_B777-F_Flyover.mat,data\raw\SignalNum182_B777-F_Flyover.mat,306.0057393598726,weighted,,,True,freq,psdx_dB,5513,48,ok,
SignalNum184_A330-343_Approach.mat,data\raw\SignalNum184_A330-343_Approach.mat,370.64762095438624,weighted,,,True,freq,psdx_dB,5513,48,ok,
SignalNum184_A330-343_Flyover.mat,data\raw\SignalNum184_A330-343_Flyover.mat,407.12358703842375,weighted,,,True,freq,psdx_dB,5513,48,ok,
SignalNum184_A330-343_Recede.mat,data\raw\SignalNum184_A330-343_Recede.mat,377.49912681666507,weighted,,,True,freq,psdx_dB,5513,48,ok,
SignalNum188_A320-232_Approach.mat,data\raw\SignalNum188_A320-232_Approach.mat,580.5796395630972,weighted,,,True,freq,psdx_dB,5513,48,ok,
SignalNum188_A320-232_Flyover.mat,data\raw\SignalNum188_A320-232_Flyover.mat,518.9862935365362,weighted,,,True,freq,psdx_dB,5513,48,ok,
SignalNum188_A320-232_Recede.mat,data\raw\SignalNum188_A320-232_Recede.mat,401.38239361230126,weighted,,,True,freq,psdx_dB,5513,48,ok,
SignalNum191_A320-232_Approach.mat,data\raw\SignalNum191_A320-232_Approach.mat,355.16087994192065,weighted,,,True,freq,psdx_dB,5513,48,ok,
SignalNum191_A320-232_Flyover.mat,data\raw\SignalNum191_A320-232_Flyover.mat,367.39960025852236,weighted,,,True,freq,psdx_dB,5513,48,ok,
SignalNum191_A320-232_Recede.mat,data\raw\SignalNum191_A320-232_Recede.mat,253.98639315766314,weighted,,,True,freq,psdx_dB,5513,48,ok,
SignalNum20_A321-251NX_Approach.mat,data\raw\SignalNum20_A321-251NX_Approach.mat,439.20193219631307,weighted,,,True,freq,psdx_dB,5513,48,ok,
SignalNum20_A321-251NX_Flyover.mat,data\raw\SignalNum20_A321-251NX_Flyover.mat,472.3901099612237,weighted,,,True,freq,psdx_dB,5513,48,ok,
SignalNum20_A321-251NX_Recede.mat,data\raw\SignalNum20_A321-251NX_Recede.mat,402.79164103950404,weighted,,,True,freq,psdx_dB,5513,48,ok,
SignalNum23_B777-F_Flyover.mat,data\raw\SignalNum23_B777-F_Flyover.mat,386.3660554021876,weighted,,,True,freq,psdx_dB,5513,48,ok,
SignalNum34_A320-232_Approach.mat,data\raw\SignalNum34_A320-232_Approach.mat,568.4121783468493,weighted,,,True,freq,psdx_dB,5513,48,ok,
SignalNum34_A320-232_Flyover.mat,data\raw\SignalNum34_A320-232_Flyover.mat,559.2621715267661,weighted,,,True,freq,psdx_dB,5513,48,ok,
SignalNum34_A320-232_Recede.mat,data\raw\SignalNum34_A320-232_Recede.mat,489.7891844009493,weighted,,,True,freq,psdx_dB,5513,48,ok,
SignalNum3_A350-941_Flyover.mat,data\raw\SignalNum3_A350-941_Flyover.mat,706.6299249628739,weighted,,,True,freq,psdx_dB,5513,48,ok,
SignalNum3_A350-941_Recede.mat,data\raw\SignalNum3_A350-941_Recede.mat,487.70596600853764,weighted,,,True,freq,psdx_dB,5513,48,ok,
SignalNum45_A321-231_Flyover.mat,data\raw\SignalNum45_A321-231_Flyover.mat,427.9980736171956,weighted,,,True,freq,psdx_dB,5513,48,ok,
SignalNum46_A321-251NX_Approach.mat,data\raw\SignalNum46_A321-251NX_Approach.mat,353.9771021248895,weighted,,,True,freq,psdx_dB,5513,48,ok,
SignalNum4_B777-3ER_Approach.mat,data\raw\SignalNum4_B777-3ER_Approach.mat,280.53624666951106,weighted,,,True,freq,psdx_dB,5513,48,ok,
SignalNum4_B777-3ER_Flyover.mat,data\raw\SignalNum4_B777-3ER_Flyover.mat,323.61083962931014,weighted,,,True,freq,psdx_dB,5513,48,ok,
SignalNum4_B777-3ER_Recede.mat,data\raw\SignalNum4_B777-3ER_Recede.mat,335.3828703818664,weighted,,,True,freq,psdx_dB,5513,48,ok,
SignalNum62_A321-251NX_Flyover.mat,data\raw\SignalNum62_A321-251NX_Flyover.mat,416.1834257562252,weighted,,,True,freq,psdx_dB,5513,48,ok,
SignalNum62_A321-251NX_Recede.mat,data\raw\SignalNum62_A321-251NX_Recede.mat,409.66083174588795,weighted,,,True,freq,psdx_dB,5513,48,ok,
SignalNum65_A320-214_Flyover.mat,data\raw\SignalNum65_A320-214_Flyover.mat,337.1598765852844,weighted,,,True,freq,psdx_dB,5513,48,ok,
SignalNum68_A320-214_Flyover.mat,data\raw\SignalNum68_A320-214_Flyover.mat,371.8951933880219,weighted,,,True,freq,psdx_dB,5513,48,ok,
SignalNum70_B737-800_Approach.mat,data\raw\SignalNum70_B737-800_Approach.mat,250.55735274132715,weighted,,,True,freq,psdx_dB,5513,48,ok,
SignalNum70_B737-800_Flyover.mat,data\raw\SignalNum70_B737-800_Flyover.mat,294.02649411081285,weighted,,,True,freq,psdx_dB,5513,48,ok,
SignalNum70_B737-800_Recede.mat,data\raw\SignalNum70_B737-800_Recede.mat,343.6521252591993,weighted,,,True,freq,psdx_dB,5513,48,ok,
SignalNum73_A350-941_Approach.mat,data\raw\SignalNum73_A350-941_Approach.mat,384.6903545484063,weighted,,,True,freq,psdx_dB,5513,48,ok,
SignalNum73_A350-941_Flyover.mat,data\raw\SignalNum73_A350-941_Flyover.mat,442.66559422078984,weighted,,,True,freq,psdx_dB,5513,48,ok,
SignalNum73_A350-941_Recede.mat,data\raw\SignalNum73_A350-941_Recede.mat,329.0034938886431,weighted,,,True,freq,psdx_dB,5513,48,ok,
SignalNum77_B777-3ER_Approach.mat,data\raw\SignalNum77_B777-3ER_Approach.mat,284.066289383215,weighted,,,True,freq,psdx_dB,5513,48,ok,
SignalNum77_B777-3ER_Flyover.mat,data\raw\SignalNum77_B777-3ER_Flyover.mat,363.77327305746934,weighted,,,True,freq,psdx_dB,5513,48,ok,
SignalNum77_B777-3ER_Recede.mat,data\raw\SignalNum77_B777-3ER_Recede.mat,315.1237211732692,weighted,,,True,freq,psdx_dB,5513,48,ok,
SignalNum97_B777-3ER_Approach.mat,data\raw\SignalNum97_B777-3ER_Approach.mat,349.0137484756456,weighted,,,True,freq,psdx_dB,5513,48,ok,
SignalNum97_B777-3ER_Flyover.mat,data\raw\SignalNum97_B777-3ER_Flyover.mat,297.8520006306277,weighted,,,True,freq,psdx_dB,5513,48,ok,
SignalNum97_B777-3ER_Recede.mat,data\raw\SignalNum97_B777-3ER_Recede.mat,367.6312281429902,weighted,,,True,freq,psdx_dB,5513,48,ok,
